artist,track_name,track_id,popularity,danceability,energy,key,loudness,mode,speechiness,instrumentalness,liveness,valence,tempo,duration_ms,time_signature,is_top10
Dagny,Moment,4OkHsgHOmGePTzQfsJGzJE,58,0.832,0.833,0,-3.646,0,0.0452,9.57e-05,0.156,0.97,117.973,165979,4,0
Two Feet,Think I'm Crazy,271bNJw8s9aL0EqxBZY56P,62,0.761,0.797,11,-4.818,0,0.0645,1.03e-05,0.196,0.782,119.975,182619,4,0
Anna of the North,Someone Special,59JRqDcEQi6o3ZLZKvqo12,55,0.478,0.343,7,-10.728,1,0.0294,0.421,0.123,0.0819,117.743,256671,4,0
Refs,Run,2BnWdpby84W3Nx5ugnCwDP,32,0.181,0.422,7,-9.211,1,0.0343,7.08e-05,0.132,0.0551,79.655,202226,5,0
Elohim,Good Day Bad Day,2gvk0tcgT5cm97I1TWHAQa,48,0.865,0.598,5,-6.376,0,0.0948,0.000228,0.171,0.735,110.018,194886,4,0
Jim-E Stack,Jeanie (feat. Bon Iver),6nv9RCo0IXNzCSGeYtzT82,64,0.672,0.849,8,-6.311,1,0.0559,0.795,0.0605,0.629,161.918,167636,4,0
DYLN,Shower,0C27LzjXD8MKfAmHghlfa3,35,0.533,0.688,5,-6.199,0,0.0425,0.00014,0.45,0.453,80.06,124360,4,0
Bishop Briggs,HIGHER,1NwQsUKLsOujDGWWMWMMq0,62,0.617,0.853,8,-4.139,1,0.0367,0.0,0.41,0.736,113.853,193049,4,0
Lauren Aquilina,Swap Places,7DrQHu39g1RS8ryTRf2V7o,43,0.518,0.725,0,-7.529,1,0.366,1.47e-05,0.0753,0.3,169.609,204000,4,0
"merci, mercy",Something You Like,0pcfBKS5NTjakHjwejtftq,52,0.697,0.67,0,-5.315,1,0.0587,0.0,0.348,0.624,132.911,213919,4,0
Col3trane,Pretty,6e4f88p8OxpqtbYywLAIbz,59,0.599,0.336,5,-12.528,1,0.0572,0.0623,0.111,0.427,177.908,166920,3,0
Millie Turner,Eye of the Storm,31GQQXI33JMIBkUWpRygLi,32,0.701,0.718,10,-8.017,1,0.0711,3.85e-06,0.0797,0.243,134.016,236984,4,0
LANKS,Embrace,23Dt6KNh81fu7GhcJuDwUz,37,0.437,0.415,0,-5.36,0,0.269,1e-05,0.143,0.268,74.526,207534,4,0
FLØRE,Rich Kids,777QFRlhJkC2HzC76cM6Gr,42,0.6,0.501,9,-10.133,1,0.0258,0.0874,0.116,0.205,140.911,202000,4,0
Maths Time Joy,Two Steps,4ACWPAiIYOtETNu9QsFEaP,47,0.678,0.344,11,-12.292,0,0.393,3.58e-06,0.195,0.556,113.108,242000,4,0
Coyote Island,Hello Silence,4kjvAMORuiMGAdoID2Yuj0,16,0.782,0.609,6,-6.054,0,0.0653,2.13e-05,0.0421,0.601,84.024,200995,4,0
Otzeki,Sweet Sunshine,0wOxkHzxhy7XaeEA2aFrdW,34,0.668,0.777,1,-7.637,1,0.0592,0.834,0.112,0.255,106.965,244773,4,0
Tempesst,Must Be a Dream,2eYioW6oELrn623Sm2c8Dm,26,0.452,0.457,2,-10.447,0,0.0268,0.163,0.104,0.359,79.974,238280,3,0
Alfie Templeman,Forever Isn't Long Enough,5mGSBX2TD1b5phRWfyAwQ0,52,0.669,0.915,11,-4.559,0,0.0583,4.7e-05,0.12,0.734,117.992,203603,4,0
Mallrat,Rockstar,1fpvdpEUe6jncotfqNGRW8,51,0.566,0.737,4,-4.531,1,0.0282,0.0739,0.11,0.52,88.977,208989,4,0
RESPONS,Hilary,1LYXw57s8h20G9duFNSHI7,42,0.639,0.628,5,-6.532,0,0.274,0.0,0.224,0.723,162.821,168618,4,0
Liz Lawrence,Whoosh,5le8Gs9XT4As7UAs084mIg,37,0.709,0.695,9,-9.42,0,0.0301,0.611,0.518,0.501,97.004,164012,4,0
X Lovers,Haunt You (feat. chloe moriondo),3vgf7gtRKDFNqFRJm7nA0m,52,0.566,0.532,3,-7.641,1,0.0374,0.0,0.54,0.497,100.778,167037,4,0
Sundara Karma,Kill Me,3Qz1BxKZLWJEYM4YdTD2eq,48,0.529,0.987,7,-2.256,1,0.0901,0.0,0.658,0.306,127.007,221489,4,0
Ella Mai,Not Another Love Song,5XqDJFVCyRTm5J7cIfRmR1,71,0.499,0.612,4,-5.947,0,0.127,4.99e-05,0.0993,0.218,157.218,217801,4,0
Shamir,Diet,5k0yxFSktMecsYRc0O3mEo,48,0.654,0.696,7,-6.795,1,0.0482,1.42e-05,0.395,0.702,119.993,197101,4,0
Tom Misch,Can You Feel It,4jbzmPDdZMp4JFcif3OPnH,59,0.629,0.581,7,-8.17,1,0.119,0.761,0.259,0.648,140.836,189684,4,0
Patricia Lalor,My Kind of Woman,2tejFgu5JsDOrqbkG3YY6E,21,0.651,0.201,11,-12.034,0,0.0271,0.194,0.112,0.224,101.489,170935,4,0
Matt Ryder,Feel,1KUsl0lQW0IOi9AebkDoLc,32,0.658,0.381,9,-12.344,0,0.054,0.885,0.0565,0.0386,120.015,300311,4,0
Ailbhe Reddy,Walk Away,0OgN6FQsmQV8xaFaOWF9LX,37,0.672,0.0961,6,-15.658,1,0.0295,0.000907,0.0692,0.144,87.016,192160,4,0
Leo Bhanji,Heathers,182cdDTn18w690fru2aXvp,38,0.72,0.628,11,-7.126,0,0.195,0.000502,0.122,0.499,81.006,157668,4,0
JAIE,Gin Eyes,0MPw6BZ4OR8QSp7Hl9xTy1,37,0.788,0.3,4,-9.17,0,0.225,0.0,0.31,0.432,145.009,195310,4,0
Agent blå,Lay in my Arms,7dKBFhIpQW7U220y7cj0to,29,0.387,0.87,0,-7.217,1,0.0437,0.104,0.3,0.349,142.973,226613,4,0
Cosmo's Midnight,A Million Times,4pGoT7HzVjVZQ3VqHRV924,54,0.539,0.515,6,-7.366,1,0.0283,6.18e-06,0.108,0.482,150.043,219497,4,0
Strange Eyes,Midnight Rainbows,4Nl1BQjuJJuJg7FBHkYDzQ,12,0.476,0.567,10,-6.628,1,0.0514,0.000353,0.149,0.488,159.909,180714,4,0
FLING,Best Friend,3fR9yGtnxUPMF4fpVVp347,15,0.455,0.595,2,-8.012,1,0.0258,0.000304,0.153,0.195,77.16,204600,4,0
Indigo Eyes,Forbidden,3lfZfR2yw8QwD96OtIgxYN,35,0.4,0.493,7,-9.732,1,0.132,0.114,0.0792,0.116,83.061,183000,4,0
Thunder Jackson,Let It Roll In,7qttmnk2aNs1P6H6Y3rEKX,26,0.68,0.572,11,-5.164,1,0.0313,0.000102,0.0989,0.214,140.043,238938,4,0
Plants and Animals,Love That Boy,3HChMC25vomaAsHsrmMHck,36,0.684,0.751,8,-7.405,0,0.0229,0.322,0.0996,0.847,101.523,224507,4,0
Sirens Of Lesbos,Pala,4GnihbeTbQabc4N2GUbB90,41,0.585,0.651,7,-11.924,1,0.0354,0.00136,0.1,0.613,160.955,188255,4,0
Richard Orofino,i heard you were looking like the moon,4Yw8XKDrmJSMNFqvd8JZJ6,17,0.343,0.324,4,-13.33,1,0.031,0.0224,0.117,0.133,145.996,223125,4,0
Peach Pit,Psychics in LA,5tsB5ROYUKKisUaJQIEEfv,53,0.328,0.849,1,-5.02,0,0.052,1.33e-05,0.232,0.624,132.047,206733,3,0
Lyrah,Slow Down,61vgJ4jjOhqQKywXEJgedC,24,0.596,0.235,3,-10.316,0,0.0362,0.0001,0.106,0.173,83.04,192062,4,0
Cero Ismael,Missing Out,0pxYbh4Uf73JXJ0qqEinBh,37,0.741,0.331,11,-9.542,0,0.163,0.0,0.16,0.575,103.869,161558,4,0
Skylar Grey,Fucking Crazy,12O4Q1ZMuAWzxQS7fLiGgr,47,0.265,0.233,3,-13.039,1,0.0273,0.00012,0.114,0.083,88.862,189512,4,0
Saint Clair,elegy in c,7hDysdmbcua9MxfoOoaPPk,11,0.657,0.469,0,-12.107,1,0.047,0.000139,0.357,0.307,119.984,276000,4,0
Adrianne Lenker,dragon eyes,2ekbbIo2pkeqHkXsGPk8G8,48,0.489,0.204,9,-17.264,1,0.0427,9.35e-05,0.123,0.508,166.842,206434,4,0
CRi,Signal,781SNFn2D2ifFxUtkwYLdw,35,0.64,0.545,2,-10.049,1,0.0301,0.0602,0.0972,0.244,104.984,244267,4,0
Wallows,Virtual Aerobics,1fpGZJnHXFEbq8UIWIKmHH,65,0.775,0.55,9,-3.765,1,0.0345,0.0,0.0434,0.72,109.952,122333,4,0
Malvae,Slash & Burn,6h8n6zwpt4J3mS8j5c8EQQ,28,0.549,0.618,6,-11.37,0,0.101,0.139,0.13,0.319,102.035,288534,4,0
IYAMAH,KYWK,1q69yEnmc6Zobcj3IuddGa,39,0.617,0.506,9,-6.835,0,0.322,0.0,0.122,0.166,78.749,167368,4,0
Suzi Wu,Eat Them Apples,5cCrDKEfAvOK1zczpk5y2S,31,0.781,0.442,1,-11.079,1,0.0387,0.618,0.0759,0.0891,110.03,177590,4,0
Greta Jaime,Exit Signs,44OpWu4nxW8DrsqyxuVI7w,18,0.561,0.505,11,-6.244,0,0.0314,0.0,0.301,0.191,97.858,211667,4,0
Pastel,Caninha Love,4DEUQ1YbLnU0lqcSW7I9Rb,27,0.793,0.67,10,-8.061,0,0.076,0.755,0.149,0.34,106.026,172075,4,0
Elina,Remember,5x2kt6LCe6a2ePj3sb7IV2,49,0.587,0.316,5,-13.515,1,0.03,0.000588,0.368,0.402,144.047,194593,4,0
Bluebiird,I Say a Little Prayer,3CTurs1tXBSPzilegfBBkd,25,0.748,0.456,9,-7.891,0,0.0262,0.0,0.224,0.377,100.012,192341,4,0
Chymes,Worship,0RU57RTiECAfVGWpgU3FZa,27,0.797,0.394,6,-8.484,0,0.0511,1.13e-05,0.103,0.624,143.929,181500,4,0
Amilli,Kinky Looks,5NHGMzGvAmWYD0ULkuCWXY,29,0.425,0.358,8,-7.537,0,0.0354,1.1e-06,0.126,0.223,98.99,199697,3,0
Winona Oak,Piano In The Sky,5nCrHjb9e3zWDL6Svvxxwl,55,0.5,0.28,7,-10.764,0,0.0404,2.6e-06,0.102,0.0832,92.457,190253,4,0
Nick Wilson,Built For This,7vA2Np8N7Yu1KfTQ43oLwF,40,0.528,0.402,2,-7.604,1,0.0554,0.0,0.23,0.497,89.886,155806,4,0
Lucian,Fools,6OUbGWzqJuCI6xBq6RqhSi,36,0.548,0.526,10,-6.592,0,0.0685,0.235,0.317,0.314,164.987,181240,4,0
Cosha,No Kink in the Wire,50gS4mK4dafGDtNrAbj9Sz,30,0.674,0.666,0,-10.628,1,0.0732,0.218,0.103,0.602,91.936,330002,4,0
Sean Nicholas Savage,Years From Tonight,2m5jxTc8QMPFvq9J5lFXd9,32,0.241,0.203,4,-11.833,1,0.0308,0.0,0.122,0.196,164.092,219936,5,0
LeyeT,One Love,7sFmtcdp8hJoSBdxaRpuhw,11,0.461,0.161,11,-10.001,1,0.033,0.0,0.0864,0.55,80.231,151313,4,0
Scarlet Pleasure,Thunder,6qCheVIWD2ORY01tan4da5,35,0.78,0.745,2,-5.969,0,0.0941,1.23e-06,0.173,0.763,171.984,168585,4,0
Teflon Sega,Used,74oGnbl5l7oVsuMtZiAD2l,35,0.506,0.467,11,-9.546,1,0.034,0.0,0.119,0.0451,82.069,234146,4,0
Foley,Rendezvous,3PReGhB0VqBcjqTpRrWdF2,35,0.745,0.577,11,-6.282,0,0.0975,0.000431,0.101,0.694,109.974,192836,4,0
Hether,Twinkle,2Eqbp4tBXu1E4QT6DB9JjR,48,0.663,0.459,8,-9.143,1,0.0365,0.456,0.109,0.426,140.166,194398,4,0
Marshmello,Alone,3MEYFivt6bilQ9q9mFWZ4g,75,0.631,0.953,2,-3.739,1,0.0343,0.0155,0.108,0.422,141.99,273803,4,0
Norquay,Shalalala Boom,2rSUBE2e4xXnjcJOJbTNzb,1,0.572,0.847,7,-6.273,1,0.0527,0.0782,0.121,0.298,96.003,150990,4,0
Markus Brückner,Too Far,4sjgCGq0PmMK1NeoZ4rIdU,23,0.492,0.498,1,-7.46,1,0.0281,0.00577,0.153,0.141,83.993,272147,4,0
Tessa Rae,Body,17dpOnKBuFWiaz5vIKBv5N,38,0.72,0.631,7,-7.929,1,0.0401,0.623,0.116,0.796,120.659,160009,4,0
keaton dekker,GG,5To3uMF4hcAmTg6VwMvzOD,19,0.638,0.627,7,-7.569,1,0.0521,0.542,0.168,0.362,117.843,182073,4,0
Kiol,Ciao,3NjEMidlbA10ib1EkA8umm,37,0.569,0.69,1,-9.267,0,0.0273,0.037,0.368,0.207,120.042,229253,4,0
Jamila Woods,SULA (Hardcover),43xBou0k59JFbi3qa8JpIm,49,0.57,0.906,1,-6.963,1,0.365,0.00596,0.1,0.552,119.329,180067,5,0
Benji Lewis,Everything's Alright,29vnb99n3kT8oV2OBsvDCl,38,0.921,0.249,2,-9.0,1,0.0755,0.192,0.0809,0.376,99.989,173390,4,0
SIXN,Medisin,1AL83ps1pIUxOQWEfY4RtM,54,0.57,0.803,8,-6.233,1,0.0883,0.0,0.792,0.321,88.051,135115,4,0
Jacob Banks,Stranger,07xy4tfT1NDeZ0Dtqe2Qau,53,0.383,0.292,11,-11.005,1,0.0766,3.65e-06,0.257,0.279,102.12,162485,3,0
Arva,Bueno,09hicVg39NVKjGpIQ4sy1s,42,0.803,0.527,9,-7.393,1,0.244,2.67e-05,0.103,0.646,155.064,161003,4,0
ÄTNA,Grinding,0ICPu4UQRmkejCttlXInFh,45,0.372,0.721,11,-5.39,0,0.0411,0.000163,0.168,0.506,117.614,179251,4,0
Rodes Rollins,Joe,5O9ioq6AevhpqRBL6iiFYK,33,0.524,0.736,0,-4.671,1,0.0257,0.0182,0.155,0.517,159.762,196107,4,0
X Lovers,LOVE (feat. Young K),3PYAjl8HI8829oVVAfrq4q,48,0.747,0.408,8,-4.926,1,0.0712,0.0,0.0536,0.573,150.055,155641,4,0
Fenne Lily,Birthday,3MlA3b8KVJuratU2qdW4Yb,51,0.275,0.316,8,-8.774,1,0.0282,0.0101,0.114,0.341,166.024,270600,4,0
Bullion,Yawn,67xLmsmuyjjHj6jof81JnL,39,0.64,0.668,7,-10.412,1,0.0295,0.875,0.14,0.764,102.107,225532,4,0
Black Honey,Run For Cover,7fkhWtexVuWy5O5X5XQT2N,47,0.446,0.945,6,-4.37,0,0.118,0.000378,0.364,0.413,168.047,177733,4,0
Future Jr.,Sounds Like Rain,1QmJBnAUDWQZKyTXato1ah,29,0.649,0.613,11,-8.242,0,0.0465,0.000215,0.227,0.384,135.997,182521,4,0
Bird and Byron,Life Is a Bore,3I9SE4PDw3fcfaIshtwW42,33,0.485,0.917,11,-1.455,1,0.0735,0.0,0.12,0.692,149.858,179710,4,0
Marika Hackman,Realiti,7JClJ8WmR4Dz0BrwW1bwdL,43,0.401,0.295,5,-10.624,0,0.0305,0.00096,0.0978,0.166,99.622,186827,4,0
Great Mountain Fire,What You Want Me to Be,3ZqBrKxs9lZ2xXyTkgsHzD,26,0.73,0.744,7,-7.418,1,0.109,0.00773,0.112,0.824,104.888,211453,4,0
Rachel Chinouriri,Give Me A Reason,39ZP9fSLcylmB2Hgi5ZvRu,33,0.66,0.468,7,-5.81,0,0.0343,2.54e-05,0.132,0.399,110.134,200512,3,0
MAX RAD,Unhingeable Man,5GqehCKpo0CqqS7v27Pzr3,30,0.733,0.609,9,-7.436,0,0.0937,0.0959,0.124,0.171,90.014,228183,4,0
Fairhazel,See You Tomorrow,6XxLCDrjv9NqVOaU7qNkBH,21,0.496,0.787,4,-8.362,1,0.101,0.0,0.396,0.558,125.018,182625,4,0
Cajsa Siik,This is Not Malibu,2FbcIMRvixHVAjEksQtiMI,21,0.792,0.136,9,-13.109,0,0.0551,1.45e-05,0.0824,0.385,119.971,224471,4,0
Novaa,In Vitro,7EzbsfsX4tfQ945h023A0k,48,0.536,0.45,0,-11.771,1,0.0344,0.00722,0.151,0.46,175.021,145670,3,0
Martha Hill,Landslide,4raIslI0ZZD0NDVmw51jEO,32,0.71,0.646,11,-7.889,0,0.058,0.0,0.274,0.571,96.016,172817,4,0
Patricia Lalor,I Don’t Know You,0wGS1UIEKTFAtDteZKvTZn,38,0.387,0.132,9,-11.94,0,0.0361,0.00292,0.104,0.0878,118.07,176509,4,0
Fintan,Better Broken,5aRmwP3PJ7kQvnyrCevzvr,46,0.717,0.567,4,-6.749,1,0.0412,0.00025,0.0963,0.475,80.015,192176,4,0
Julian Lamadrid,Patience,0t0QEf4OY8h2rJhIZGLKWc,34,0.89,0.494,0,-6.102,1,0.107,0.192,0.108,0.62,120.031,210080,4,0
Sunken,Jupiter,4XdHw8OJ4LyVNKqXalr0iT,33,0.618,0.576,0,-9.412,0,0.035,0.195,0.0977,0.343,138.024,282647,3,0
George Moir,Lonely,4FnSCrqa0lzbJUF1TRoCkQ,36,0.743,0.391,3,-7.364,1,0.0575,0.0,0.173,0.395,100.02,185641,4,0
April,Watching You Disappear,5QcZdMoxsvfXkK0TnlF0hn,44,0.378,0.41,2,-9.764,0,0.0757,0.404,0.117,0.32,169.89,195128,4,0
Charles,Easy,3QRXzJDgzUBoiDzax1PKAb,20,0.735,0.343,1,-9.913,0,0.0499,0.0118,0.158,0.382,95.991,224577,4,0
Sophie Blair,Arteries,6Gefo28mC0sUMxvNTCTCY4,19,0.669,0.543,4,-8.859,1,0.127,1.21e-05,0.135,0.164,104.152,265520,4,0
Dava,Papercut,0dSeL5EEhnoYcXFLokeh1i,40,0.783,0.265,9,-9.978,0,0.0316,0.0246,0.255,0.662,105.009,160000,4,0
Rainsford,Oh My God,6qVAkVJIhJZZKLOArZIa0v,31,0.776,0.465,7,-7.891,1,0.046,3.81e-05,0.174,0.464,126.004,210199,4,0
Gaspar Narby,Sleepless (feat. LEES),7vrURZm40GaVRcNnM9jxf8,32,0.609,0.683,2,-5.986,1,0.0537,0.000275,0.155,0.355,97.875,232743,4,0
Havelock,LSD,7sOM7U2rAbU5dQtQnGW0s3,30,0.396,0.749,7,-6.022,0,0.129,0.0,0.115,0.582,82.984,181525,4,0
Lahos,Regrets - better in my bed,3mS3kys2EsMxi88oT9MKyD,34,0.891,0.336,6,-7.773,1,0.221,6.57e-06,0.261,0.405,95.03,123720,4,0
Dead Emerson,Sucker Punch,0y0xWEzCRBY47WRw67r4Ab,42,0.509,0.717,11,-6.409,0,0.0446,0.0,0.0746,0.61,167.957,146000,4,0
Evie Irie,Carry Your Heart,6gQttz1rIuKQptXyoM2IB5,54,0.406,0.471,11,-10.067,1,0.153,4.78e-06,0.122,0.337,92.301,200852,4,0
Oli Hannaford,Trapped in a Maze,6aun4q5E2u9bRzf9P6iGWy,23,0.858,0.386,11,-12.389,0,0.21,0.00151,0.15,0.292,89.967,127500,4,0
sakehands,BLEACH IN MY HUMIDIFIER,6gerTWjHsJSKFV2BU63JZ9,42,0.535,0.284,8,-13.106,1,0.17,0.000134,0.0707,0.369,88.888,191643,4,0
keshi,drunk,3KkVd7Xg0jCAZSOatzQ6Td,68,0.716,0.388,4,-8.433,1,0.0348,0.0,0.0929,0.306,105.086,226772,4,0
Indian Wells,New Ruins,2WL0vbjnNU9ygoIIpfPXEo,30,0.592,0.745,10,-11.642,0,0.0454,0.672,0.101,0.155,119.99,335500,4,0
Richard Orofino,Fall Apart,4norrJnil7Q17uSTbBIMd1,39,0.764,0.549,0,-5.933,1,0.0376,0.0,0.11,0.215,106.03,194000,4,0
Georgia,Feel It,1L11Wk1tb47KpN0acMiqSn,50,0.708,0.655,1,-7.664,1,0.0381,0.112,0.119,0.496,106.983,166500,4,0
Sarah Barrios,Somebody I'm Proud Of,6QbnAZkCSz8SDbrykDpIHj,48,0.751,0.543,10,-6.678,1,0.0397,0.000887,0.121,0.372,99.955,203874,4,0
Passionchild,Truth Is,21VvCowX4Tw9VSAltkNCNs,17,0.485,0.384,0,-9.075,1,0.083,0.000435,0.121,0.152,120.38,165246,4,0
Brevin Kim,car,67T47UzX4SkgsSN5vNI0ec,41,0.602,0.549,7,-7.094,1,0.0288,0.000688,0.177,0.272,84.4,126870,4,0
Kiirstin Marilyn,The Takers,3gjf8vmgbI3fZp0oXRqEMT,23,0.526,0.559,5,-8.587,0,0.0366,0.00211,0.109,0.5,135.939,258833,4,0
Sable Minx,Dank Memes,7pNzQK5fueEyFpRQk6H5qx,24,0.674,0.558,0,-7.708,1,0.0545,0.00326,0.186,0.485,143.089,161119,4,0
Nick Thurl Mavromatis,Hope I'm Still Dreaming,7sVo3u6f0RD2iJoSjdtPBJ,47,0.511,0.67,8,-5.491,1,0.0351,1.06e-06,0.0862,0.208,74.965,182800,4,0
Handyscratch,Isolated Dreams,3UN0JLymifKMqLP6pOp6df,16,0.602,0.388,0,-14.788,0,0.0254,0.784,0.269,0.494,84.766,155668,4,0
Winter Park,Sea Sick,4HwefhngaJzrgTrQtHmkeF,2,0.619,0.779,5,-6.814,1,0.0544,2.69e-06,0.125,0.559,120.009,202106,4,0
The Outview,W.I.W.S.E.,63yIQBg0v9z5PxBssbvuPU,29,0.597,0.402,9,-8.433,0,0.497,0.0,0.127,0.383,201.635,186080,4,0
Rob Nar,One From A Distance,7LsSyA9hwlCUgF3k46ZUqc,21,0.734,0.679,10,-9.54,1,0.04,1.2e-05,0.125,0.949,134.973,222051,4,0
Gabriele Catoni,Our Burden,53SECzggEwWVauCrHsySo0,21,0.274,0.626,1,-5.704,0,0.0277,4.98e-06,0.0789,0.201,95.009,254425,4,0
Kipani,Enlighten Me,0UecNyb71SYvzslBrVToaX,13,0.357,0.606,0,-12.102,1,0.0388,0.874,0.119,0.629,161.721,198989,4,0
Matthew Joseph,Take the Crown,3TQnd8sFLrtTUjDQD6EeQk,17,0.574,0.577,6,-8.775,0,0.097,0.0,0.512,0.552,150.042,169805,4,0
Shae Brock,Hollywood Mansion,2vG3ijKdAjESrmf7WeDvE7,45,0.496,0.402,3,-7.027,0,0.033,0.000102,0.108,0.443,188.033,222633,3,0
Strac,My Castle,4njwbjA3rlxGRts9Z3zbPv,14,0.749,0.679,0,-10.659,1,0.0477,7.1e-05,0.148,0.56,146.006,179178,4,0
Matt Bednarsky,Alone with Your Thoughts,7GlxYEb4AbE3QOwbGWqCKc,27,0.613,0.265,1,-14.715,1,0.0495,0.000424,0.111,0.0857,94.622,216089,4,0
Brando,Don't Call Me,4bjyJV8VRlEEMWxq2fhRGS,53,0.681,0.726,0,-7.011,1,0.074,6.09e-05,0.156,0.22,113.983,164097,4,0
Jerome Obholz,Can You Tell Me,0nHf6bUUUOOXL9pptuZpyt,24,0.64,0.399,9,-11.344,0,0.056,1.51e-06,0.0857,0.147,93.054,202676,4,0
Hilary Lankford,Did It Rain,3JFvTnPk9llkmYAtiZgdvM,18,0.54,0.165,4,-10.234,0,0.036,0.0,0.121,0.346,97.937,163019,3,0
Chenél No.1,You have to breathe,1dvdkHK4XgMcxbmZ5Igh4s,22,0.416,0.374,0,-11.155,1,0.0277,0.0,0.141,0.532,180.176,222114,3,0
Linn Cervell,Complaining,1BqIs6vxNo2lRwtxUY2aAO,16,0.773,0.575,2,-9.808,1,0.0593,6.87e-05,0.135,0.739,102.013,167267,4,0
Lisa Beth,Flash Bang,11paXQQyeswppT5DWlh2R4,20,0.597,0.49,5,-11.101,0,0.0722,0.642,0.203,0.193,134.834,204461,4,0
5lowers,Summer Blues,0wBgyQ48T6FD8W2sZNFGle,26,0.454,0.294,1,-9.963,1,0.0346,6.86e-06,0.114,0.443,138.419,163526,4,0
Marsha Marsha Marsha,Treat Me Better,7Ci7X6mkidgBEjjRMdWT7u,17,0.573,0.931,2,-4.496,1,0.036,0.0,0.102,0.927,160.001,173131,4,0
GXNXSIS,Coffee Shop,6hUqvG3pksj07UkmWtXFiX,32,0.745,0.246,7,-14.3,1,0.117,0.935,0.0564,0.628,112.912,128000,3,0
Tanner Peterson,Sanity,4jgTCMLTcxQUaaEP2fhabi,17,0.744,0.608,2,-9.416,1,0.0465,0.0,0.295,0.557,111.983,263571,4,0
Drew Thomas,Lying on the Concrete,4faulUzhmUV1VcXtaQLtOO,10,0.557,0.522,9,-10.498,1,0.0375,0.0,0.0954,0.238,119.905,247525,4,0
Dundas,OUT,5k2YxSdW3UHRn6dX5DQ0Wb,1,0.714,0.547,5,-12.195,1,0.0337,5.82e-06,0.637,0.28,96.738,124146,4,0
Aaron Title,Missin' U,0L2p5m2WYyxn4D7MVwNqTF,14,0.669,0.47,11,-16.221,0,0.0368,0.12,0.183,0.798,124.955,202560,4,0
Taking on December,Attached to You,2JnrtUEX0NwFzzyfzm0uyU,30,0.364,0.605,1,-10.238,1,0.0316,0.0,0.162,0.197,74.985,218364,4,0
Karly D,Informed Decisions,4Cde8d8vgWNtot47PHF6VD,4,0.631,0.147,8,-23.826,1,0.0395,0.0885,0.159,0.0968,115.016,209870,4,0
Becky Krill,Alive in the Summertime,7LROpaCXkTu5BNr40byBC7,19,0.603,0.731,0,-6.374,1,0.0596,0.000118,0.124,0.274,116.093,170972,4,0
MARIS,Apprehension,6Ykl3CJlbPBYIYZH9oO9v8,8,0.311,0.0875,9,-18.691,0,0.0414,0.0151,0.167,0.286,135.535,169391,4,0
Froys Yard,Did He Fall?,0RidpGMC3H625Y2NI4yq9J,7,0.669,0.292,2,-11.403,0,0.0365,0.0,0.106,0.165,89.973,109405,4,0
George Pelham,Guilty,0zxBOWaW1eenGNiY3SA1JB,18,0.596,0.822,2,-4.989,0,0.0562,0.0,0.314,0.815,88.511,170847,4,0
Dawn of a New World,Restless,4jLjUooWB0B1UEhZSPRmol,7,0.512,0.527,6,-9.668,1,0.0306,0.414,0.112,0.053,124.03,234194,4,0
Erika Lamon,Omen,5fOrAWxvQrTW5aZ3KcKKLs,5,0.661,0.463,9,-10.347,0,0.0274,0.013,0.181,0.229,125.038,258427,4,0
Andrew Brien,Without You,1qlFGGE2SqdqFwjo7bHAnP,20,0.497,0.723,3,-6.122,1,0.0485,0.0,0.101,0.527,187.903,162000,4,0
Sapphire Henson,Dreamin',7zt4P1htjhYMjPSTBgpzil,14,0.461,0.0199,5,-20.025,1,0.0576,0.00165,0.0736,0.127,77.326,224444,5,0
LIV,Playin',0ppoaaM3IBvJAzHWjmgV61,23,0.851,0.426,9,-8.725,1,0.175,5.2e-05,0.109,0.102,100.078,214861,4,0
Echoes from Infinity,Afterglow,7vFWSLV5NTKcB0o2o3apXq,10,0.508,0.448,9,-9.631,0,0.0307,0.957,0.153,0.162,146.032,167260,4,0
Walter Di Bello,Aaran (Acoustic),6E59ZuNFMbt6Ok3KUlDMO9,13,0.581,0.195,7,-12.415,1,0.0368,0.0,0.095,0.19,95.028,157038,4,0
V!V,Sun x Moon,61OGJsVq8e9oej7wbdsEB2,24,0.72,0.587,6,-9.602,1,0.148,2.48e-05,0.123,0.577,97.957,240538,4,0
Auro,Move That Body,11tXQfysg7t5aOIqBysQ1j,26,0.726,0.698,6,-6.218,1,0.0357,0.000279,0.279,0.4,100.005,221147,4,0
Jasmine,My flesh and blood,2ssdVv0E3kVJLZq5NE8NwQ,13,0.655,0.197,9,-11.244,1,0.0313,4.48e-06,0.122,0.155,110.995,297428,4,0
Pretty Ugly Boy,Time Waster,3vgm6snFIOQxGKaHNJtslz,7,0.722,0.529,11,-13.497,0,0.0465,0.783,0.0809,0.883,108.022,157739,4,0
Ryan Ave,Numb,2kk0IS3hphw30P9TZdQt46,18,0.603,0.77,11,-4.291,1,0.116,0.0,0.128,0.438,157.927,161033,4,0
Dj Madzzz,Emotional Nights,4ntJeHcYn5q0f9vYcK85ju,10,0.459,0.594,0,-14.138,0,0.0376,0.757,0.382,0.285,128.088,204380,4,0
Caley Rose,Even When,5XqOrTtBrMPKEJmBlDyHd0,23,0.339,0.25,4,-11.657,0,0.0327,0.0,0.0808,0.121,139.597,216857,4,0
Arva,Bueno,09hicVg39NVKjGpIQ4sy1s,42,0.803,0.527,9,-7.393,1,0.244,2.67e-05,0.103,0.646,155.064,161003,4,0
Taylor Red,Bringing Country Back,0a0laoRRgHJtrXYQnpAv4l,31,0.665,0.885,0,-2.89,1,0.0304,4.16e-06,0.291,0.727,110.956,178773,4,0
Davesoul,Already Yours,3TzmNXZotwJVKBEmf4u8sY,23,0.625,0.552,4,-12.059,0,0.0429,1.24e-05,0.0783,0.117,127.997,204994,4,0
Gabriele Catoni,Courage,20oI20zaeLN4cpapG1cf4Q,30,0.394,0.447,6,-7.355,1,0.0284,0.00218,0.115,0.177,107.584,238760,4,0
Violet Aurora,Somewhere Brighter (Alt Mix),6Xt57YaHPUiB0QtpAwopj5,35,0.601,0.688,0,-6.323,1,0.0242,0.0,0.0979,0.738,133.065,271523,4,0
Greg Haway,Subtle Seduction,7b42qLjmWv1r9lrhFB586O,26,0.694,0.767,11,-5.117,0,0.0417,1.9e-06,0.0648,0.458,123.047,163902,4,0
Dundas,PLAY,18Rvf7sUbPV8YdQPyLvrnm,12,0.756,0.616,3,-9.258,1,0.0605,1.49e-05,0.079,0.805,98.649,70638,4,0
Saje,Floating,24bR5dYE3gshWKDPETiOi1,16,0.664,0.245,7,-15.728,0,0.0479,0.0489,0.109,0.193,110.01,158562,4,0
Anna Eisch,More/Less,7fkB4ksIyJcYIwMyvmZUt7,20,0.605,0.473,0,-13.921,1,0.0391,0.0,0.0823,0.571,97.945,144144,4,0
Alex Oliva,Baby Girl,72VdoQInBG6d7EcI5KLMyo,20,0.614,0.626,2,-9.188,0,0.277,0.0,0.215,0.555,111.596,158571,4,0
Jerry Spoon,The Sun,4G0ztkoysWycOkXRI1QocN,35,0.758,0.593,0,-8.459,0,0.0299,0.532,0.0939,0.416,110.003,310444,4,0
Shay Sham,Show Me the Way,6ELl8EVycAFoTMZCPpgjvR,16,0.726,0.454,5,-7.743,1,0.125,0.0,0.0506,0.208,95.011,156604,4,0
Shay Sham,Ecstasy,4A1WgfDDDdwwkhWLkN7k3F,30,0.715,0.677,8,-7.491,0,0.0404,1.34e-06,0.103,0.258,128.041,217469,4,0
Shoegazers,Slipping Away,1dPLmcownv3gaXal9mVVon,16,0.409,0.945,1,-5.705,1,0.0468,0.000113,0.361,0.77,140.027,143813,4,0
Christos Black,The Agonist,4yQbVgzWoVT5f8iK18qBog,46,0.529,0.143,0,-27.951,0,0.0335,0.977,0.125,0.156,119.915,83800,4,0
SIXN,Medisin,1AL83ps1pIUxOQWEfY4RtM,54,0.57,0.803,8,-6.233,1,0.0883,0.0,0.792,0.321,88.051,135115,4,0
Nick Thurl Mavromatis,No Feelings,5d5ZIoNVKtk06xrVbexuQe,51,0.646,0.742,7,-5.51,0,0.0383,0.0,0.079,0.645,152.043,117632,4,0
Christine Nguyen,Stranded,3u4LNLlgtBsmV0f6IuLRqA,31,0.41,0.373,9,-10.516,0,0.0972,1.23e-05,0.131,0.151,102.039,190136,1,0
SAIID ZEIDAN,In My Sleep,2FCbNfFS9WBSXucsgBaX4R,21,0.799,0.404,11,-10.506,1,0.062,0.000181,0.109,0.272,120.009,223999,4,0
Valentine Joyce,Hold Me,0WZqUvveRISb1kHt1VCewg,17,0.639,0.904,0,-8.499,0,0.0401,0.865,0.106,0.924,117.011,233763,4,0
Oghamyst,Dreaming Love - Unplugged Version,780GDdyXFrtU5wVg5dGymf,19,0.413,0.133,6,-14.531,1,0.0322,0.0,0.0699,0.633,139.71,227312,5,0
Elion Melody,Red Mercedes,6hopfjGjh9Gbd7EIPkvHy1,23,0.817,0.467,4,-7.689,1,0.0393,1.02e-06,0.107,0.479,120.035,193714,4,0
Ogan Cihan Öcal,Merhabalar,4qa2l0D7tJ9wJ8lZ6TS29e,34,0.746,0.659,9,-7.456,0,0.0291,0.0,0.093,0.872,134.034,207273,4,0
Plummy,Veronica,1RNyAKP31NRTxp0b8UMZJQ,27,0.695,0.403,5,-13.922,0,0.0388,0.000382,0.212,0.603,146.938,213982,4,0
Charles Connolly,Never Said Goodbye,02rig5CswqLMKqk8oNTfQU,20,0.703,0.521,5,-8.457,0,0.0317,0.00522,0.124,0.458,100.008,202200,3,0
Olivia Goga,Devil Inside,1uRsCaQhb383ojQivTSeJa,6,0.654,0.268,6,-13.423,1,0.0555,1.96e-06,0.147,0.132,126.02,213815,4,0
Jessica Towler,Stronger,19e18NwlD2TghIMPgDDaH7,16,0.722,0.477,1,-7.407,1,0.0636,0.0,0.0974,0.308,124.912,172103,4,0
ABMAN,Summertime,3oMUQpsacfaKUIRYK2EXmO,20,0.772,0.928,11,-3.557,0,0.0905,0.665,0.631,0.319,120.112,83062,4,0
Marble Waves,Extra Ordinary,6LLIbka8ktbaAkcDK0qPNz,23,0.277,0.446,11,-10.07,1,0.0468,7.81e-06,0.111,0.265,170.826,238060,4,0
Gio Yaquinto,Sunflower,4guE0ezrwRTa9SkoRyLy9C,15,0.638,0.548,2,-8.4,1,0.0311,0.000156,0.256,0.882,139.972,183202,4,0
Seepeoples,Blink,15tKB3jCl0fJYC0tFwYYDb,27,0.645,0.606,4,-8.05,1,0.0486,0.000186,0.0631,0.927,144.009,192080,4,0
Amaury Laurent Bernier,Groundhog May,1loqWmkhfrvzeuDFYprGCH,27,0.653,0.382,11,-8.483,0,0.0496,0.000101,0.132,0.601,131.662,168463,4,0
chap,This Mirror Still Reflects You.,2iAJj2kUxcdjrLZAoH1BsL,16,0.418,0.295,6,-16.922,0,0.162,0.00108,0.155,0.203,144.801,132885,4,0
Julissa Vazquez,Treat You Right,1BHSqJAK079waKVUhvQbCX,15,0.619,0.634,7,-8.509,0,0.53,0.0,0.13,0.302,193.959,161693,4,0
Samantha Cokeley,Explode,6RfB0fZ5XkMMsTpGiH0Ytf,15,0.415,0.531,1,-9.419,0,0.0844,3.3e-06,0.102,0.176,98.054,206400,4,0
Jeffrey Chan,Glow,0RmYCbR7yXuOSKchbRMaz7,33,0.701,0.756,9,-6.094,1,0.0634,0.000444,0.125,0.354,107.947,207898,4,0
X3N,Nature Echos,0CiTHO4j5cqrhhd05jSZfx,5,0.901,0.371,7,-13.18,1,0.294,0.0309,0.35,0.685,119.946,133350,4,0
ya,The Edm Song,02ht5k0eDMdTEUD3Og06Sj,11,0.867,0.687,10,-7.207,0,0.0533,0.392,0.104,0.415,120.03,104829,4,0
Dandelyin,Marrow,7xFRyxa6ZO5BS59XcN0J1G,19,0.565,0.398,0,-13.334,1,0.0302,0.00257,0.183,0.169,127.904,212578,4,0
Claire Donzelli,Lift Me Higher,14RaBOwmMRhhGYOHSQWciS,24,0.633,0.541,3,-10.891,1,0.033,0.0,0.0949,0.335,143.928,166928,4,0
Bryce Bowyn,Just Love Me,6BY2NHrxvYAAUMOiUIbPA5,28,0.596,0.696,0,-5.768,1,0.0573,0.0,0.17,0.473,133.029,170075,4,0
The Nathaniel Hardy Project,Moonlight in Baltimore,3wXSh9sTOLfWUuYkkmU289,16,0.467,0.291,0,-12.41,1,0.0451,0.000431,0.121,0.358,94.74,142578,4,0
Dewey!,Honey Pie,03V1pHDlGJ9UOKVNryGaXI,16,0.687,0.518,0,-11.188,0,0.138,3.58e-05,0.305,0.27,122.038,147097,4,0
Chopface,Blind Date,4zUdLzNi3K4qBiiAyDncJ1,17,0.718,0.294,6,-20.177,0,0.376,0.000125,0.0829,0.388,140.916,126428,4,0
Lisa Beth,Flash Bang,11paXQQyeswppT5DWlh2R4,20,0.597,0.49,5,-11.101,0,0.0722,0.642,0.203,0.193,134.834,204461,4,0
Jodye Phoenix,Glow,68Xv6JzNSsRmVrBZlTFe5x,16,0.949,0.303,2,-3.973,0,0.0763,0.0,0.0523,0.93,111.118,105946,4,0
CARLA,Safe Haven (Remix),6xMUlsouSsJBV8XXC85waA,12,0.823,0.702,4,-7.039,1,0.0953,8.96e-06,0.135,0.475,120.033,158000,4,0
Gia Darcy,Lies,2OeuOJLBAU3IgibJmJs8ki,41,0.65,0.754,8,-5.974,0,0.0523,7.78e-06,0.257,0.741,100.012,230400,4,0
Losol,Make It Better,45U94KfHCWUJ9bt7yzh5UW,17,0.195,0.298,0,-13.254,1,0.0334,0.834,0.106,0.0335,79.556,217194,4,0
Coumarin,Dreams,5EclxNYgNaP921FqhGsiHd,15,0.363,0.839,11,-4.415,0,0.041,0.00181,0.168,0.399,140.039,222306,4,0
Rogério Carrilo,Eu Só Sei,76hHARR7m1AP5IeopDYSnt,22,0.735,0.552,0,-6.347,0,0.0674,0.0,0.15,0.621,94.999,163579,4,0
Sumit,Tequila,7k0viuad6Q3DvE8bo6qIf1,22,0.803,0.677,0,-6.595,1,0.221,0,0.206,0.875,134.924,158222,4,0
Dueski,Behind the Scenes,0t4oJmlwcCqWA2mN31t9Cu,24,0.526,0.774,6,-5.546,0,0.24,0,0.134,0.309,171.824,155500,4,0
KALEIN,Chapter in My Story,0AYhOg1rZLXQ61OdqbN6fF,27,0.738,0.703,2,-6.834,1,0.198,0,0.3,0.623,80.02,175000,4,0
Caleb Hearn,You Know,03B9dSp2gjg3sRh8mIMn3H,41,0.677,0.704,8,-9.338,1,0.0276,0,0.128,0.841,119.995,202633,4,0
Caleb Stanton,In Everything,5udrkcrGTXa9VWC1yBeQP3,14,0.574,0.408,1,-10.86,1,0.0409,0,0.102,0.503,143.882,213333,4,0
The Image,Beaujolais,6xOkUVKmQ2Yvg8ceMqnaoC,43,0.567,0.505,0,-6.894,1,0.223,0,0.111,0.359,109.888,177386,5,0
Matt Hansen,warn me right before i fall in love,4ucogp6BTsf1aDmRGIUOF0,11,0.613,0.633,7,-9.524,1,0.0766,0.000176,0.163,0.478,80.005,137989,4,0
Max Viner,New Normal - Side B - Radio edit,5qiBMBPp4byTY9fvmJa31X,14,0.501,0.571,8,-10.021,1,0.0268,0.0977,0.063,0.436,149.963,284387,4,0
Xander Sallows,Don't Need Perfect,3oorhPNxvatWvTKXc29Bvb,30,0.764,0.549,7,-10.118,1,0.254,0,0.0752,0.622,170.012,193412,4,0
Saint Jaimz,Absent Without Love (Awol),745iVzyAheVkPywblTik7z,33,0.498,0.649,11,-4.079,0,0.137,0,0.121,0.238,139.616,276402,4,0
Josh Sellers,Animal,10ShH1GMLOPs5FafGv1CeG,26,0.811,0.62,1,-6.701,0,0.0545,9.27e-05,0.0833,0.968,128.029,164090,4,0
Caleb Stanton,That Day,0wbCfGtPJRCz94YyYsaZlF,28,0.688,0.154,9,-16.01,1,0.0344,0,0.0773,0.379,136.02,201176,4,0
Caroline Jones,All of the Boys - Country Mix,3gcZsNuGubRdLw3xKHMyvg,46,0.631,0.874,3,-4.625,1,0.0499,0,0.308,0.859,120.006,195669,4,0
Ava Camille,Think About It,2oT8DZRE8hgyX7Xae0BePb,40,0.463,0.192,0,-11.753,1,0.0384,0,0.0943,0.219,116.694,192000,4,0
Matthew Parker,Lead Me Home - Remix,2P4986oBOnNvx6cyUOQEFI,32,0.394,0.702,10,-7.856,0,0.088,8.77e-06,0.134,0.439,173.915,208305,4,0
Ben Lawrence,therapy,2isZT1TGP7Is210EAK0r1x,30,0.634,0.123,5,-18.933,1,0.0415,1.86e-05,0.145,0.264,143.865,190007,4,0
TAROT,Salt Water Taffy,5SGDKD5d6ePLr9mPifJh3b,30,0.701,0.47,9,-10.319,1,0.0455,0,0.208,0.755,130.91,183206,4,0
Archer Brady,Srry 4 Evrythng. (Electro),17C4pSV9l0hhcYAaoWwGkR,20,0.502,0.843,4,-10.422,1,0.0337,0,0.149,0.737,149.983,184333,4,0
Caleb Hearn,Distracted,26RnwvvF7C4TQAUe1HR0XN,38,0.782,0.576,8,-7.658,0,0.0316,0,0.11,0.627,128.012,165000,4,0
OCTBRSKY,Absence Of Love,5YOUECXJlE2UgPDopXE52f,38,0.5,0.585,5,-6.107,1,0.039,4.45e-06,0.508,0.218,139.865,195462,4,0
Greg Duffy,Westward Bound,2nat4I84R6U7YjVrltg1rs,37,0.341,0.428,6,-8.874,1,0.0294,2.14e-06,0.1,0.27,64.859,199356,4,0
Nyman,Ferrari,3kJ7Saek9grMJiMo83ExG0,28,0.714,0.684,8,-5.586,1,0.0313,0,0.0979,0.757,108.066,182353,4,0
Erin Kirby,Practice Girlfriend,4I2oDAWsEtAA4kFNDW1b7v,41,0.772,0.544,5,-5.538,1,0.0389,6.42e-06,0.0855,0.562,127.059,143557,4,0
Elevate,Who,7H6oC6vNQmocE7Fei0MHiu,29,0.749,0.57,5,-6.091,1,0.037,0,0.093,0.286,135.029,211154,4,0
Elliot Wren,Good Luck,21cpSXwjiiZoHogxw7bZxB,40,0.491,0.797,11,-4.861,1,0.108,0,0.108,0.486,201.594,168829,4,0
Daylongsigh,Clinger,0TSqCPF6mfKlPtsPUnVwqU,19,0.54,0.447,0,-18.086,1,0.0468,0.0356,0.09,0.109,109.998,191028,4,0
Caleb Hearn,Lost My Mind,6Mfq1mfUJtZ9NhADO8Bx1Q,35,0.694,0.373,9,-6.958,1,0.0313,0,0.084,0.2,79.989,168000,4,0
Licy-Be,Never Gonna Leave,64FwvPMQitvx7EZ8EruMKJ,26,0.832,0.573,5,-11.101,1,0.142,0,0.11,0.422,92.955,202266,4,0
Jeron Divine,Outerbanks,5cYjhSv8U8OvQQ0alCH0pt,47,0.61,0.761,10,-8.782,1,0.0459,0.191,0.114,0.965,79.951,127523,4,0
Dueski,Lay Low,2YCFOs4J5ctuy4RPZytSjn,20,0.919,0.549,1,-9.645,1,0.262,0,0.0994,0.597,130.15,146704,4,0
Chris Emond,Tang,34CfbBMcScgIykDnddp8y2,11,0.677,0.672,0,-9.903,1,0.104,0,0.304,0.647,108.033,163782,4,0
Salty,Too Slow,5lhXPgQrT0WsjS5ZdEy8ON,19,0.475,0.735,5,-7.363,1,0.0355,3.65e-06,0.0992,0.539,140.06,178834,4,0
J A X O N,18months.,28d66lD4YvXagEl9CrbrLv,19,0.808,0.538,10,-8.104,1,0.062,0,0.123,0.463,135.981,171176,4,0
Owen Grady,Rain on My Windshield,1N3sVvTInphKQbyxnKvyvc,22,0.611,0.26,3,-12.139,1,0.0537,0.00135,0.268,0.266,79.044,227856,4,0
Josh Sellers,Hold On,6hpk1Diajrec7ODczzzU2I,10,0.796,0.261,1,-17.006,0,0.0672,0.553,0.107,0.434,140.062,156000,4,0
JSteph,Broken Cathedral,3eEY9lmC386kFpXm16qEDg,22,0.641,0.426,1,-11.155,1,0.0471,0,0.244,0.205,109.99,158354,4,0
Ben Lawrence,i'm not That guy,6MY8DQdUKiXbCNNsChJT2A,20,0.863,0.653,8,-4.744,0,0.0386,6.7e-06,0.0943,0.941,111.994,194466,4,0
Josh Sellers,We're Not the Same,0YeW1W5Qf42gpRd12vwnGp,22,0.514,0.252,9,-13.219,1,0.031,1.26e-05,0.107,0.143,145.476,171033,4,0
Josh Sellers,Out Of Love,06wWh9IiswDkSjVYkUlUNG,9,0.296,0.271,4,-14.664,0,0.0379,0.00137,0.101,0.117,127.454,322667,3,0
Naes London,Let This Go,1iulZwlQGbTAKCQnGfJwHm,19,0.704,0.701,0,-7.846,0,0.0364,4.08e-05,0.381,0.389,99.998,194500,4,0
Ben Lawrence,girl from canada,39qFxAuOOERHaejNGYrLCH,18,0.924,0.315,9,-11.461,1,0.097,0,0.105,0.405,100.002,156000,4,0
Josh Sellers,Lay It All Down,0sMaeyft1bky8tXFyEYFtd,7,0.837,0.141,0,-16.348,1,0.0487,0.00663,0.1,0.506,100.015,213600,4,0
Ben Lawrence,Wait.,6LaNZ9wL9ncGxkLkEdveEO,16,0.718,0.351,9,-9.545,1,0.152,1.58e-06,0.104,0.243,149.773,195209,4,0
Olivia Castriota,Leaving You,4xuNce1ghlvZnJbytHk6ny,36,0.749,0.826,7,-5.468,1,0.0597,0.000194,0.137,0.537,121.97,176987,4,0
Dueski,Jungle,5CBZ1pMkCnXxzmmL35SMhk,18,0.818,0.363,6,-10.485,0,0.0958,0.118,0.0908,0.179,120.987,143360,4,0
Ben Lawrence,Purpose from the Pain,6q0GXWq3neuVd0jmeMuaKN,11,0.753,0.298,7,-11.311,1,0.0321,0.00311,0.107,0.306,101.01,200503,4,0
Liam Hull,Fire.,4Q6a5qUjeC7obH5UueZo97,19,0.748,0.37,7,-13.573,1,0.0377,1.25e-05,0.202,0.626,99.959,165603,4,0
Jeron Divine,Pretty Girls,0mh4xBxDM0ctCi0J2G3IKS,27,0.722,0.38,4,-13.823,1,0.0354,0.24,0.305,0.639,115.049,124249,4,0
Caleb Hearn,Vibe,2wevBXzUVJbTvBBlOaXGGw,30,0.786,0.612,4,-7.413,0,0.0371,0,0.132,0.527,137.008,196232,4,0
J A X O N,Onesixteen,2GLzpbg13YPXZ8RJhS0ydj,18,0.764,0.509,4,-8.793,0,0.127,8.02e-05,0.085,0.307,91.977,221677,4,0
Salty,Hold You Close,4fRWaWogwMIEEGIUQLFJqp,6,0.69,0.463,6,-8.7,1,0.0263,0,0.104,0.396,134.947,192026,4,0
Josh Sellers,Better Days,4JZ5g9WqNAc4flLDk2IqqT,16,0.806,0.406,5,-14.68,0,0.0875,0.00277,0.106,0.655,99.983,211200,4,0
Carley Carpenter,Unloved You,1gICIWM3gtRSTkLisRBzIL,12,0.72,0.645,1,-4.599,0,0.0664,0.000375,0.2,0.182,101.903,207439,4,0
Jeron Divine,Friday Night,6fXfizPMx5F1qfLeBjx1CA,17,0.699,0.798,5,-5.887,0,0.0302,0,0.374,0.271,109.014,160784,4,0
Greg Duffy,What If It Goes Right,1seHNQemgjOpOWdE7eBlqy,17,0.567,0.507,10,-10.95,1,0.044,0.000535,0.154,0.328,104.926,198286,4,0
JSteph,I'm Sorry,2oFyxwo5Wp4yGEl9DORRji,17,0.747,0.426,6,-8.553,1,0.195,0,0.0783,0.729,150.128,148715,4,0
Ben Lawrence,Luck Is A Game,0n7CrSrvLpV5imSKGV2v1E,18,0.757,0.267,3,-13.077,1,0.0476,0,0.0956,0.403,90.097,180023,4,0
Ava Camille,It Would Be Easier,1LjtXKOIwKfOT9zFnnc0sV,18,0.312,0.257,6,-10.314,1,0.0359,0,0.0736,0.227,176.107,216307,4,0
Ava Camille,I Told You,42wAVh5E3tq6F0Yru2J8C2,27,0.509,0.443,2,-8.951,0,0.139,0.112,0.101,0.425,174.145,176000,4,0
Greg Duffy,Just for Tonight,4gZ6qyqvyvcpoREGX7BQC8,18,0.632,0.751,11,-5.634,1,0.0307,0,0.133,0.434,110.038,212942,4,0
Jeron Divine,Down,0fisC7oza9rpTbuVktJS3C,11,0.667,0.11,4,-15.033,1,0.033,0,0.103,0.139,109.975,233150,4,0
J A X O N,Over Now,2RS4Ub074PXMOkXHYaBck8,15,0.692,0.554,0,-7.825,1,0.046,0,0.06,0.401,137.989,170435,4,0
Brayden George,Just Me,4Tpk7yuKATiOXn2ZOVWz2D,21,0.738,0.408,8,-11.389,1,0.0772,0.00522,0.107,0.423,92.01,172082,4,0
Elevate,Satisfied,7e4phjF2f5aHyiE6FRKrnY,17,0.796,0.488,7,-5.481,1,0.0325,0,0.163,0.38,119.998,172500,4,0
Liam Hull,Take It Back,6cgKkWeFhSU1dynlh7cJPQ,18,0.618,0.291,10,-12.446,1,0.0643,0,0.0569,0.332,175.956,201469,4,0
Brayden George,When We Were Young,6Qhd7hf2rhdP25jDTwI1v2,13,0.745,0.485,8,-9.867,1,0.0598,0,0.104,0.679,145.905,202000,4,0
JANTU,My Time,5Qt9JOhdYDkH30Qi8SRS1e,35,0.739,0.856,9,-5.178,0,0.615,2.64e-05,0.1,0.498,186.137,175484,4,0
WaltMane,Day Dreamin',27q2ugCBXsIWbHYizwibaD,58,0.355,0.0186,7,-24.034,1,0.0389,0.000545,0.122,0.318,139.48,188375,3,0
WaltMane,Day Dreamin' - Instrumental,3Qcm7y4dCOXB2DDLy7cpV3,52,0.523,0.0492,4,-16.538,0,0.0438,0.896,0.137,0.305,142.154,188332,3,0
WaltMane,Look Up,5clGKKFJzzRnEvJL1JeuJx,53,0.597,0.849,8,-8.757,1,0.0736,0.843,0.282,0.378,155.072,161143,4,0
WaltMane,Not Mine,7ugQR1vnTnt6VsEtyvWCuU,52,0.44,0.54,6,-10.436,0,0.0671,0.903,0.126,0.146,144.877,133071,4,0
WaltMane,Praise,6ESJFnJZjkpy4x8kAAnq3e,52,0.632,0.214,1,-14.141,0,0.852,0.847,0.272,0.095,180.292,127615,4,0
WaltMane,Scared,7yoPiNlkSpPwtC2V5kT8vt,51,0.895,0.411,6,-11.717,1,0.192,0.167,0.101,0.655,150.066,105812,4,0
WaltMane,Life Is Easy,7L2gLV74sIrLjB7gExS0yD,56,0.536,0.0538,4,-19.101,0,0.0392,0.971,0.118,0.14,79.723,132000,1,0
WaltMane,My Dog,3HecH0MEhNgwKi9c61DJjZ,53,0.666,0.833,9,-5.894,1,0.0534,0.662,0.162,0.261,141.984,140278,4,0
WaltMane,Fluff,1xro27huxDrfJLdSYLCFDs,51,0.588,0.618,6,-5.876,1,0.0393,0.784,0.111,0.343,171.799,173714,4,0
WaltMane,Branch Manager,6sSvaBNIAtV3Wf3xkbP0Cr,57,0.752,0.95,8,-2.534,1,0.0455,0.899,0.0874,0.216,152.01,189492,4,0
Plant Pappy,Low Down,1jZcfM3oR4Hh9BkdP5f03X,58,0.656,0.166,1,-25.061,0,0.0911,0.587,0.0881,0.171,64.979,167481,4,0
Milo Boomer,Green Thumb,3Vmx2pFRKaCVFYdNR6DNS2,58,0.701,0.264,6,-14.817,0,0.116,0.901,0.103,0.678,76.002,166904,4,0
Dudley Booms,Just Young,1YPc5BUU16GGf9xOF17hpW,58,0.307,0.565,8,-13.346,1,0.0831,0.0132,0.516,0.336,78.147,154870,4,0
Xliro,Idgaf,4fHqPChdtngFgGWYcNSRkR,36,0.554,0.33,6,-16.335,1,0.378,0.0,0.102,0.228,129.819,160000,4,0
Karim Panzetta,My Type,4QxvdUiUt2r4TPa7fQzPvy,59,0.713,0.57,0,-8.457,1,0.0629,0.0,0.0567,0.117,124.906,188029,4,0
Alexander James Rodriguez,My Crew - Tempo Elektrik Remix,6T9kc5KNzQAvbQMsrxxLe9,51,0.721,0.829,1,-6.096,1,0.051,2.56e-05,0.0438,0.846,125.989,209524,4,0
Alexander James Rodriguez,My Crew,3RC7LtwqAiHZOY8HkO2fG9,53,0.825,0.713,1,-5.627,1,0.067,0.000288,0.0821,0.959,147.979,178378,4,0
Alexander James Rodriguez,Your Smile,0VlvO2jAwZdnZwQ9uoVuN1,53,0.841,0.72,5,-6.721,0,0.0615,0.0,0.145,0.78,148.001,171817,4,0
Karim Panzetta,Here I Am,0GuicYMoHlC2T4Qp6Qp05i,63,0.555,0.271,7,-9.987,1,0.0284,0.0,0.118,0.441,82.033,235004,4,0
King 40+,Forty Ain't the New Twenty,6iajajAcD1NqNLm6qdp70i,50,0.801,0.743,6,-8.404,1,0.184,0.0,0.351,0.549,99.977,182327,4,0
Manny James,Never Let Go,0lZu00aIU00O0UTRYasH3R,44,0.587,0.365,4,-12.161,0,0.0441,0.0,0.126,0.227,119.847,183022,4,0
Bartees Strange,Mustang,2WahhszjFFN9qLK3G2ihZL,32,0.374,0.994,1,-2.368,0,0.0935,0.000111,0.565,0.234,147.991,233695,4,0
BENEE,Snail,3qR0txhV0ztr0hNUJGAOG6,65,0.835,0.688,7,-4.855,1,0.0488,0.0046,0.0716,0.678,124.038,180357,4,0
Ana Roxanne,Suite pour l’invisible,5NlPIlKRG8g9axoovHOd5q,33,0.134,0.0529,2,-21.956,1,0.0426,0.878,0.112,0.0821,176.965,421463,4,0
M1llionz,Lagga,5GrnYtEXFHN51MvfBZz9ji,66,0.629,0.78,1,-6.178,1,0.374,0.0,0.0776,0.656,142.874,206197,4,0
Andrew Tuttle,Sun At 5 In 4161,28X5wrV8PXG4PpbEv7pjUt,21,0.151,0.244,9,-16.815,1,0.0302,0.948,0.105,0.0519,78.508,307250,3,0
Amaarae,FANCY,00BMCpbVPPCLgFGRlg3o0c,40,0.797,0.59,5,-6.162,0,0.0379,0.252,0.213,0.504,141.021,143160,4,0
Pa Salieu,My Family (feat. BackRoad Gee),4yDpjbGgFbu1RpFxWK4SJH,61,0.589,0.647,1,-6.514,0,0.452,0.0,0.104,0.51,101.976,160293,4,0
Sprints,The Cheek,7lvC3m1uYeK3DZj0yRAg1X,22,0.475,0.874,8,-5.514,1,0.0595,0.0112,0.0823,0.89,165.094,223019,4,0
Kaylee Elizabeth,Passing Through,5h8UUn8we8nCiZtSwZc1Wy,13,0.388,0.275,6,-11.778,1,0.0279,0.00228,0.127,0.303,149.349,212840,3,0
Ela Minus,"they told us it was hard, but they were wrong.",1KjDoMXZ4pGbebp5PhQi17,33,0.536,0.648,2,-9.991,0,0.0447,0.695,0.11,0.147,129.407,360988,4,0
Pottery,Hot Heater,45bCEpLkpsGenredDwT3dk,28,0.553,0.791,11,-5.734,1,0.0608,6.83e-05,0.102,0.824,116.044,213976,4,0
Eluera,Moderation,2ZI8BIaUuMsmpDHnRORYGv,37,0.652,0.686,6,-5.625,0,0.0321,1.4e-06,0.217,0.798,108.953,212080,4,0
Nova Twins,Play Fair,5uVpBaWzuH4q1U8l1XpNmJ,33,0.505,0.945,5,-3.901,0,0.131,5.64e-05,0.0586,0.437,132.939,212973,4,0
Year of the Knife,Virtual Narcotic,1NsE5YWgbFE7LHhWxm9geZ,37,0.363,0.972,1,-2.991,1,0.0639,8.15e-06,0.587,0.131,97.188,91468,4,0
Dua Saleh,umbrellar,00PXRPuZFlM5dv1FeJa69J,41,0.293,0.85,1,-6.05,1,0.066,0.0304,0.234,0.367,129.634,155763,4,0
Annika Rose,Butterflies,3WQhP2hnLfuSGO6OQT9mz5,34,0.702,0.572,8,-6.625,0,0.0775,0.00217,0.0764,0.668,120.094,188054,4,0
For Those I Love,I Have a Love,4pRCPb4nWNPklpQdurVAiC,38,0.542,0.79,5,-5.66,1,0.115,0.000131,0.0771,0.542,119.929,320013,4,0
The Scent,Don't Ask Me,5U6llZVc2NFK6dIDz1ocMe,18,0.432,0.714,1,-5.739,1,0.0506,0,0.157,0.587,108.317,247867,4,0
We Exist,Animal,1gWnk7vAvNrWilk7VTJPqa,22,0.421,0.627,4,-7.032,0,0.169,3.59e-05,0.0995,0.233,149.989,242017,4,0
Cynik Scald,Storm,17ExwKtKxCO17GFAOZvqiH,35,0.38,0.971,7,-3.396,1,0.183,0.023,0.331,0.225,142.982,181707,4,0
The Scent,Dry Sherry,7pEnLEBqarMGFTwiOoycIk,22,0.465,0.836,6,-4.006,1,0.0502,0,0.146,0.52,131.898,255147,4,0
Segiri,Tastes Like Anarchy - Alex Ross Remix,57ir2IhJ6ea6E9fSOkudsS,40,0.79,0.766,1,-6.994,1,0.113,0,0.087,0.4,120.033,208000,4,0
Skolvonix,Soul Talk (Amhrán Chlotus),6Rc3x0u1S1rfnFaZbWrFPq,26,0.226,0.952,2,-4.187,0,0.127,9.89e-05,0.0918,0.269,90.187,540960,1,0
Segiri,Chances - IMPVLSE Remix,6vTPzw7VGKJ3amjL7Vq8ix,20,0.722,0.764,4,-7.428,0,0.0576,0.157,0.0863,0.434,124.012,224516,4,0
Arva,Bueno,09hicVg39NVKjGpIQ4sy1s,42,0.803,0.527,9,-7.393,1,0.244,2.67e-05,0.103,0.646,155.064,161003,4,0
Cynik Scald,Asgard,1nbZ8qaVYAyeCg9Thf076X,26,0.492,0.97,11,-6.781,0,0.12,0.088,0.37,0.272,139.977,213013,4,0
Stefano Casavecchia,The Defeat of the Devil,0k9Sc627eT7qif51kME33s,18,0.475,0.925,11,-4.144,0,0.0463,0.446,0.214,0.64,132.02,267273,4,0
Manuel Garay,Broken (feat. Yaz Aiyla & Joshua Benjamin),6KMoyfj8Z9ItQsBwLgerWW,20,0.768,0.472,11,-12.87,1,0.235,3.74e-05,0.189,0.404,144.979,228044,4,0
Manuel Garay,Wait a Minute (feat. Joshua Benjamin),11XudKRjoSwq97qcoDWdEJ,20,0.509,0.418,9,-11.264,0,0.364,1.33e-06,0.147,0.462,72.968,201414,4,0
Manuel Garay,Only Difference,0MS070TBP1VBo9r6pz6yha,15,0.749,0.349,0,-12.754,0,0.0538,0.000831,0.257,0.382,135.861,172623,4,0
M1SC,Body & A Brain,0qnG5jiPsq0F5hFVu6Uyqv,23,0.61,0.507,7,-8.708,1,0.121,0,0.0993,0.118,150.035,284829,4,0
Malasangre,Piel Azul,2wKEL4W3RTXMg6rkVAWJ6X,24,0.611,0.919,5,-1.99,0,0.0618,0.000191,0.353,0.507,121.444,207253,3,0
Alan Tuck and Tim Ransom,Where Do We Go,23XC1G6MogN7zylMujrVnz,34,0.527,0.719,1,-5.764,0,0.0323,0,0.137,0.143,132.128,218453,4,0
Mmzy,Wildin,6P43IBaN4KnvdfMJIFuO83,44,0.83,0.612,11,-4.631,0,0.0499,0.502,0.11,0.676,116.995,176483,4,0
Burn the Flags,Anger,5PSoAMV3ZNmIWk8r9qlQic,23,0.443,0.929,5,-7.427,0,0.11,0.423,0.359,0.319,120.106,222000,4,0
Outloved,Loveless,631CvLugJhI3kQT6P0QssW,45,0.545,0.745,5,-4.884,0,0.0317,8.47e-05,0.267,0.299,134.988,161075,4,0
Another Home,Event Horizon,0qx4tBnf7jxUT197hQ1f9y,19,0.311,0.401,5,-16.634,1,0.0491,0.682,0.114,0.0899,119.809,195109,4,0
Mirko Colombari,Nottestate,5sItoEbBB2ZoECgnxt0CwY,31,0.61,0.931,4,-3.307,0,0.0288,0,0.272,0.642,97.975,184286,4,0
Wingman,Distracted,1ul1aiVGaQrxthSV9xHj9B,47,0.576,0.672,9,-7.9,1,0.0635,0,0.283,0.451,135.085,248000,4,0
LYFTD,Turn It Up,3AHhBYNAeJP8YIw83IosDi,25,0.647,0.854,8,-4.819,0,0.0751,0.0459,0.173,0.566,173.941,164828,4,0
Outloved,Hurt Me,48x4Z0v1PbhJ94NRq3xl5P,44,0.504,0.741,0,-4.612,1,0.0363,6.76e-05,0.548,0.339,97.494,186535,4,0
Kristopher Battilana,Sometimes,39JERu0tKFv8kDc6KbL53L,20,0.583,0.448,10,-11.419,0,0.028,0.0223,0.0878,0.695,115.311,221936,4,0
Mark Hamilton,Be Yourself,1j1hxKBROxQ8lA8h5VnTdW,48,0.538,0.733,11,-4.698,0,0.0316,0.000162,0.303,0.327,116.995,279108,4,0
Jay Garrett,No Longer Lovin',4KJOZfZsuwfThRl5w2VsLi,20,0.663,0.828,1,-6.991,1,0.0415,1.32e-06,0.094,0.848,112.035,321520,4,0
Brookhaven,Carly,2v9TMA2iu4UNdx42CeViRI,20,0.432,0.646,0,-5.923,1,0.0433,0.000375,0.0812,0.408,118.071,293150,4,0
Gabouka,The Buzzster,0BLZGRU1NZNLOyblMHMjEq,21,0.431,0.54,9,-12.482,1,0.0286,0.748,0.317,0.307,160.067,282000,4,0
The Insecure,Between The Lines,6WuGKmXixQbJ0bWZxe5lhQ,20,0.596,0.372,4,-9.429,0,0.0244,0.000141,0.356,0.109,92.018,226957,4,0
Tadini,Welcome Back to Freedom,0Php0TUoHXTW43pT5ZrpUR,24,0.498,0.825,7,-4.944,1,0.0504,0.00209,0.114,0.253,120.049,236118,4,0
ellee ven,Cyanide,7jDNQ1p7ig8DxK9w27b8DN,34,0.718,0.495,0,-12.254,1,0.0287,9.78e-06,0.0776,0.271,95.988,200313,4,0
Prince Taee,Just My Type (feat. YK Osiris),0YlAJLTfI42RVi7AYXasS3,40,0.524,0.625,6,-5.553,1,0.193,0,0.103,0.516,180.168,162667,4,0
MkX,Down,2jvudQphPjCPVq8gmfZPJ5,30,0.922,0.514,11,-3.723,0,0.0474,0,0.311,0.742,106.027,184528,4,0
Buddy McLain,Work The Body,2CoJjrJcJoMLVNUhKv6txO,21,0.885,0.562,10,-7.313,1,0.109,0,0.112,0.916,111.988,205714,4,0
HØLLØW VØIĐ,We Eat Souls,5X1FAF7wZZLaKUtgGxkIs7,46,0.594,0.889,8,-5.235,1,0.157,0.0275,0.161,0.521,157.886,174861,4,0
The Collective Conscious,Inspire,3y7IdvKkYHXyyAYwj9srv5,23,0.693,0.48,2,-11.375,1,0.108,0,0.169,0.183,116.013,190589,4,0
Famousstafa,Racer,0Etia3j28KWLYMwCDHXPUF,23,0.799,0.448,1,-13.711,1,0.187,0,0.109,0.587,94.995,153018,4,0
Utkarsh Ambudkar,Self Respect,4ekTjnkwGbwutLCz68p7gC,35,0.692,0.333,1,-9.563,1,0.0427,1.35e-05,0.0994,0.282,117.991,199413,4,0
Miles Abel,Tonight,6hy3a6crUesu0Xv9tbsOn9,22,0.613,0.555,6,-6.177,0,0.0752,0,0.101,0.0832,114.961,218612,4,0
Josh A,Mood Swings,15sRiZACZvpxQHd00kXtr4,59,0.605,0.526,0,-8.952,0,0.071,0,0.101,0.339,83.94,186291,4,0
Olivia Thai,I Came to Slay,4p9pPnJGi0LjyfHMM2DL5P,31,0.909,0.614,11,-7.33,0,0.114,0.00171,0.387,0.684,115.007,233770,4,0
Cynik Scald,When the Sun Goes Down,3jkSLq1AVponE0zIR9L1sH,23,0.47,0.97,11,-5.174,0,0.0877,0.006,0.108,0.465,74.995,207400,4,0
SIXN,Medisin,0CXdfD4s26kKyuPHRACtlY,1,0.559,0.803,8,-6.233,1,0.107,0,0.793,0.316,87.996,135115,4,0
Nick Thurl Mavromatis,No Feelings,5d5ZIoNVKtk06xrVbexuQe,51,0.646,0.742,7,-5.51,0,0.0383,0,0.079,0.645,152.043,117632,4,0
Arva,SONIA,1NHzhf2WQF8VLQQNuvknT9,40,0.772,0.777,5,-6.66,0,0.0901,2.15e-06,0.126,0.655,100.013,195600,4,0
SIXN,Medisin,1AL83ps1pIUxOQWEfY4RtM,54,0.57,0.803,8,-6.233,1,0.0883,0,0.792,0.321,88.051,135115,4,0
Arva,Brooklyn,0KLTg4L40v3RjsbVXOsrTW,1,0.781,0.623,5,-6.95,0,0.0555,0,0.158,0.245,96.019,133906,4,0
Arva,End Game,0j1tuxZlfLiai5JL7LPnxc,1,0.845,0.47,11,-10.265,0,0.285,3.63e-05,0.0844,0.407,152.023,210395,4,0
Christos Black,The Agonist,4yQbVgzWoVT5f8iK18qBog,46,0.529,0.143,0,-27.951,0,0.0335,0.977,0.125,0.156,119.915,83800,4,0
Ruel,say it over (feat. Cautious Clay),4jSE5cAaa5rwTyhDSXfwQN,68,0.438,0.315,2,-10.941,0,0.044,0,0.606,0.151,156.031,238500,4,0
Bebe Rexha,"Baby, I'm Jealous (feat. Doja Cat)",2fTdRdN73RgIgcUZN33dvt,68,0.737,0.867,11,-2.259,0,0.0458,0,0.32,0.506,98.05,175873,4,0
Dua Lipa,Levitating (feat. DaBaby),463CkQjx2Zk1yXoBuierM9,78,0.702,0.825,6,-3.787,0,0.0601,0,0.0674,0.915,102.977,203064,4,0
Halsey,I'm Not Mad,6SL8U8TtdwOtGhbmGzsMfX,74,0.78,0.684,0,-5.758,1,0.0636,0,0.105,0.732,149.916,173467,4,0
Julia Michaels,Lie Like This,5yCXLEi384DHGRXYMXgjBR,72,0.735,0.694,1,-5.721,1,0.0538,1.72e-06,0.0675,0.849,120.983,218383,4,0
Why Don't We,Fallin',5GhJIMWAw0uMLgkdbt6uMz,78,0.606,0.9,0,-4.504,1,0.119,0,0.075,0.233,133.963,216504,4,0
Shawn Mendes,Wonder,5KCbr5ndeby4y4ggthdiAb,87,0.333,0.637,1,-4.904,0,0.0581,1.8e-05,0.149,0.132,139.898,172693,4,0
Pop Smoke,What You Know Bout Love,1tkg4EHVoqnhR6iFEXb60y,91,0.709,0.548,10,-8.493,1,0.353,1.59e-06,0.133,0.543,83.995,160000,4,0
Pink Sweat$,At My Worst,0ri0Han4IRJhzvERHOZTMr,77,0.813,0.415,0,-5.926,1,0.0349,0,0.131,0.667,91.921,170345,4,0
Fleetwood Mac,Dreams - 2004 Remaster,0ofHAoxe9vBkTCp2UQIavz,86,0.828,0.492,0,-9.744,1,0.0276,0.00428,0.128,0.789,120.151,257800,4,0
Jax Jones,i miss u (with Au/Ra),4h6TTBlzsv57BGlMybVNCL,39,0.671,0.722,9,-7.55,1,0.046,0,0.118,0.404,124.096,172143,4,0
BLACKPINK,Bet You Wanna (feat. Cardi B),1hPkiovjTqiJAJen4uyNRg,58,0.541,0.688,7,-5.184,1,0.198,0,0.0733,0.649,109.843,159168,4,0
Joji,Your Man,6Vgtvd7I5yopJdBuxqjBd2,78,0.785,0.818,7,-8.711,1,0.099,0.149,0.149,0.0503,117.98,163759,4,0
Tate McRae,you broke me first - Gryffin Remix,3Ni9jLlq3xPoOKv1HYlQrH,45,0.57,0.797,1,-5.514,0,0.0416,0,0.155,0.227,124.035,215648,4,0
Bea Miller,wisdom teeth,0eEcs8LmGk1TKfGgUiYosw,58,0.753,0.564,9,-5.714,0,0.153,0.000168,0.154,0.412,96.995,181434,4,0
LANY,heart won't let me,2IY537C2ecmUMJ46bYQggp,73,0.607,0.655,0,-8.055,1,0.0341,0,0.114,0.255,136.028,199507,4,0
Daya,First Time,4L4lClgi5m2Itz6Fgt750F,57,0.552,0.628,0,-6.897,1,0.292,1.9e-05,0.399,0.672,101.928,146910,4,0
Demi Lovato,Still Have Me,6SBJ2XHc4jm6Abqt7zocMz,72,0.281,0.462,0,-6.638,1,0.0674,0,0.108,0.367,75.975,203139,4,0
Ritt Momney,Put Your Records On,1fah1uAs7HeTYDlNftKr3K,77,0.399,0.492,6,-10.777,0,0.0538,0.00101,0.11,0.159,91.066,210463,4,0
YUNGBLUD,cotton candy,3foWaxM2tcZD91WcOLFqch,60,0.633,0.93,9,-3.262,1,0.0748,0,0.0866,0.701,124.041,167365,4,0
Machine Gun Kelly,forget me too (feat. Halsey),1VSuFS7PahCN3SWbOcQ98m,82,0.654,0.875,1,-4.845,1,0.0744,0.0086,0.194,0.522,99.975,171621,4,0
Justin Bieber,Holy (feat. Chance The Rapper),5u1n1kITHCxxp8twBcZxWy,94,0.673,0.704,6,-8.056,1,0.36,0,0.0898,0.372,86.919,212093,4,0
Zara Larsson,WOW (feat. Sabrina Carpenter) - Remix,5WokFKscrfGEGGLPTu3jgO,69,0.702,0.744,6,-4.063,0,0.0861,0,0.0915,0.305,77.486,179653,4,0
ILLENIUM,Nightlight,06kxa3al7bUqRRo5nAFduZ,76,0.494,0.651,11,-4.127,0,0.0384,0,0.104,0.162,149.979,222400,4,0
Little Mix,Not a Pop Song,0g4xPTe9fP1gPiXPMQKj7Z,65,0.624,0.651,0,-4.715,1,0.0372,0,0.0782,0.355,139.115,179413,4,0
LANY,cowboy in LA,0E6uWutxRjIDhleURR92do,72,0.624,0.393,8,-8.916,1,0.0333,0,0.118,0.728,177.963,213800,4,0
ROLE MODEL,going out,4fVRuWru6EQ8fGMeCPP431,55,0.754,0.633,5,-5.616,1,0.0709,0.000578,0.141,0.596,80.016,174493,4,0
Fousheé,Deep End,6HlE9t71z9DjGi7KqSyEpA,75,0.711,0.592,4,-7.136,0,0.23,0,0.156,0.535,124.749,141224,4,0
Internet Money,Lemonade (Feat. Roddy Ricch & Don Toliver) [Remix],5sBplhIrmzA4kQGyIOpmDf,78,0.832,0.549,1,-8.259,0,0.0602,0,0.11,0.384,140.045,181496,4,0
MAX,Blueberry Eyes (feat. SUGA of BTS),5dn6QANKbf76pANGjMBida,80,0.746,0.611,0,-7.034,0,0.101,0.000922,0.133,0.411,149.967,172245,4,0
ROLE MODEL,blind,6d1ffV5RisInvrDxkLgBxe,72,0.765,0.663,0,-5.221,1,0.0661,0.00024,0.0925,0.678,150.099,153293,4,0
Alexander 23,Brainstorm,3VcFoOwKYurSedLtz9nFJC,52,0.658,0.317,11,-12.318,0,0.0424,0.00548,0.111,0.262,76.849,186000,4,0
Gabby Barrett,I Hope (feat. Charlie Puth),5cYFwgA5dHoqR3xGnlr9ew,71,0.554,0.576,6,-6.495,1,0.0399,0,0.159,0.409,74.942,209763,4,0
Melanie Martinez,The Bakery,5xlntPcXIDzcpHZjpQKcU2,67,0.91,0.562,1,-5.608,0,0.0666,4.8e-05,0.0826,0.507,102.035,154818,4,0
Clairo,Sofia,7B3z0ySL9Rr0XvZEAjWZzM,83,0.744,0.619,0,-9.805,1,0.039,0.00372,0.231,0.641,112.997,188387,4,0
ZAYN,Better,1dLXLETYiZohIZWnse4ypG,84,0.637,0.418,2,-7.137,1,0.301,0,0.131,0.0807,84.295,174517,4,0
Ella Mai,Not Another Love Song,5XqDJFVCyRTm5J7cIfRmR1,71,0.499,0.612,4,-5.947,0,0.127,4.99e-05,0.0993,0.218,157.218,217801,4,0
Bryson Tiller,Outta Time (feat. Drake),0LGtMvQJ37SsEYbkP6TcVJ,73,0.714,0.582,5,-7.272,0,0.0808,0,0.0774,0.338,92.819,198822,4,0
Sam Smith,Diamonds,5hvwx5i67IwnCkjl9VHkNv,86,0.653,0.667,10,-6.764,0,0.0423,0,0.107,0.556,104.181,213869,4,0
Dermot Kennedy,Giants,43CHdbHYdcbUWP10UFKyZ7,71,0.572,0.833,8,-5.291,0,0.0754,5.77e-05,0.129,0.588,158.104,177173,4,0
Sasha Sloan,Hypochondriac,3GXQOlfK0oPdsW6Y5ptII6,55,0.641,0.234,11,-12.34,1,0.037,0,0.0942,0.373,136.059,202453,4,0
FLETCHER,Bitter (feat. Trevor Daniel),21vPjrAwqTWvNm4HqODEIY,65,0.689,0.643,6,-6.142,0,0.0735,3.82e-05,0.127,0.405,136.002,194750,4,0
Olivia O'Brien,NOW,7l3OQbWE1gvd4204aEgAz8,70,0.765,0.776,7,-4.109,0,0.0355,0,0.245,0.812,148.094,182867,4,0
Kiiara,So Sick (feat. blackbear),2LAqcZuU9nbOZrC7Nzdvtu,54,0.751,0.544,7,-7.073,1,0.0581,1.56e-05,0.513,0.392,118.048,150943,4,0
BLACKPINK,Lovesick Girls,4Ws314Ylb27BVsvlZOy30C,85,0.658,0.733,6,-4.756,1,0.0586,0,0.118,0.464,127.977,192760,4,0
Ofenbach,Head Shoulders Knees & Toes (feat. Norma Jean Martine),14ngWWxvUSnIMXgF6rzSk1,72,0.798,0.828,2,-5.36,1,0.193,2.55e-06,0.121,0.6,124.962,156960,4,0
Jawsh 685,Savage Love (Laxed – Siren Beat) [BTS Remix],4TgxFMOn5yoESW6zCidCXL,84,0.758,0.598,0,-5.695,0,0.0868,0,0.295,0.658,149.836,184905,4,0
21 Savage,Mr. Right Now (feat. Drake),4Q34FP1AT7GEl9oLgNtiWj,85,0.647,0.667,5,-5.563,1,0.304,0,0.133,0.704,172.08,193839,4,0
Vedo,You Got It,4lsHZ92XCFOQfzJFBTluk8,85,0.774,0.376,5,-9.372,1,0.208,0,0.165,0.391,122.089,201587,4,0
OneRepublic,Wild Life,6oaQuXiRKqQq9ITJBV1XmC,73,0.498,0.764,2,-8.096,1,0.0382,0.0104,0.156,0.0557,115.975,267117,4,0
Ali Gatie,Welcome Back (feat. Alessia Cara),50I4Px0ip8mYOT2TwUZT8k,73,0.577,0.517,0,-7.331,1,0.0689,0,0.166,0.194,171.863,172593,4,0
The Kid LAROI,WRONG (feat. Lil Mosey),1EWkw4Fa6IlnsAihLUlFFM,80,0.389,0.768,1,-4.765,1,0.256,0,0.119,0.334,90.146,183567,4,0
Ashnikko,Daisy,0AUvWawuP0ibk4SQ3sIZjk,86,0.834,0.663,8,-6.143,1,0.133,0,0.372,0.774,121.876,146523,4,0
salem ilese,Mad at Disney,7aGyRfJWtLqgJaZoG9lJhE,88,0.738,0.621,0,-7.313,1,0.0486,7.39e-06,0.692,0.715,113.968,136839,4,0
Paul Woolford,Looking For Me,5dvGLnXYsBUQLAmJHBYgrN,66,0.641,0.529,6,-11.536,1,0.0288,0.000862,0.0809,0.449,121.027,211452,4,0
Ava Max,Naked,32MRwAZRkG6cszFEiV3DKa,73,0.683,0.641,3,-4.092,0,0.0329,0,0.149,0.695,111.955,222094,4,0
Lele Pons,Se Te Nota (with Guaynaa),11EnQRgRMJwMAesfkB5pnu,87,0.905,0.686,0,-3.152,1,0.0664,0,0.266,0.963,103.013,155825,4,0
JVKE,Upside Down,614OkajfRPH8V0ugNQnduP,81,0.88,0.501,2,-6.774,1,0.062,0.0695,0.436,0.459,120.038,114500,4,0
Joseph Black,(i hope you) miss me,1Zv2jT7iZu98Feqpzhn0nd,76,0.734,0.596,6,-10.023,0,0.324,0,0.107,0.317,98.024,159171,4,0
Dixie D’Amelio,Be Happy - Remix,3JwghlOgXpcxFHDEbfvaYL,74,0.576,0.749,9,-3.612,0,0.0522,1.12e-06,0.12,0.343,173.969,191578,4,0
Madison Beer,Baby,7LjEQ8GsQiUNVakV6TZI0e,80,0.705,0.707,0,-5.174,1,0.0534,0,0.149,0.452,117.974,207734,4,0
Tai Verdes,Stuck in the Middle,2HQPOVBAOU2EBTy1nBGRiW,75,0.844,0.429,2,-9.308,1,0.0448,0,0.0949,0.764,119.989,196000,4,0
Glass Animals,Heat Waves,3USxtqRwSYz57Ewm6wWRMp,68,0.761,0.525,11,-6.9,1,0.0944,6.7e-06,0.0921,0.531,80.87,238805,4,0
Dennis Lloyd,Alien,1Tqshmc0rnQPaIGJfRp2Da,79,0.71,0.768,0,-4.772,1,0.0457,3.66e-05,0.0791,0.419,118.085,138639,4,0
Jubël,Dancing In The Moonlight (feat. NEIMY),4GSDkZt7GcmzBWmsMcpaVO,78,0.659,0.615,11,-5.865,0,0.0644,0,0.187,0.193,119.843,164010,4,0
Tom Walker,Wait for You (feat. Zoe Wees),3cMAS9DjZHrAnKvPrTIw7Z,69,0.502,0.65,1,-4.27,1,0.0531,0,0.0956,0.392,159.78,153027,4,0
JP Saxe,A Little Bit Yours,00cBcYOlnHoXX9ver3cmdE,72,0.598,0.295,1,-8.553,1,0.0276,0,0.107,0.314,87.025,225680,4,0
Keith Urban,One Too Many,5NUXE8W12lWcUXgJRCjeEw,76,0.697,0.535,4,-6.504,1,0.068,0,0.569,0.594,82.959,203893,4,0
Sabrina Carpenter,Let Me Move You - From the Netflix film Work It,0roOLcll6SSTYZwsQFmXqP,78,0.624,0.628,4,-6.582,0,0.0408,0.0191,0.0814,0.772,114.556,147071,4,0
Topic,Why Do You Lie To Me,3vNsOdrDl6UbCv03oqLvUx,54,0.65,0.738,4,-6.46,0,0.158,0,0.206,0.336,119.827,171291,4,0
Arizona Zervas,RIP,45WI9y5C9naK6IMtWLoqQp,66,0.678,0.746,1,-4.249,0,0.0362,0,0.334,0.373,160.002,174051,4,0
BabyJake,Cigarettes On Patios,0LJDFZohBgWOMvXQw0cc9W,70,0.752,0.712,4,-5.467,0,0.0474,0,0.136,0.588,139.999,207813,4,0
Machine Gun Kelly,my ex's best friend (with blackbear),70rFIfYN7lU6iTgUIVP42w,83,0.728,0.685,5,-5.096,0,0.0433,0,0.152,0.33,124.934,138970,4,0
Ava Max,OMG What's Happening,6T7NPX0BWpaapcp0Jn7OK9,71,0.698,0.854,9,-3.84,0,0.0451,0,0.107,0.931,124.042,179832,4,0
Kygo,Hot Stuff,00ETaeHUQ6lops3oWU1Wrt,78,0.681,0.773,5,-5.749,1,0.148,1.28e-06,0.11,0.429,119.961,199008,4,0
Jawsh 685,Sweet & Sour (feat. Lauv & Tyga),3ZWhRS2EJVL5B0IEzkcvZa,77,0.827,0.73,1,-5.324,1,0.0934,1.35e-05,0.258,0.679,95.003,163228,4,0
Internet Money,Blastoff (feat. Juice Wrld & Trippie Redd),7dH9TPjTWQ60wOJkmYay8a,67,0.761,0.517,5,-6.916,1,0.0927,0,0.157,0.46,147.912,174730,4,0
Megan Thee Stallion,Don’t Stop (feat. Young Thug),3yv7994DWTEk3ihwy75YBQ,76,0.933,0.757,2,-3.212,1,0.117,0,0.135,0.544,137.993,187941,4,0
Clean Bandit,Tick Tock (feat. 24kGoldn),27u7t9d7ZQoyjsCROHuZJ3,86,0.779,0.705,0,-3.895,1,0.0344,7.91e-06,0.124,0.946,101.022,178374,4,0
Purple Disco Machine,Hypnotized,0OeFuOAu0P1ONYz5EDdqb2,61,0.69,0.813,11,-5.084,0,0.0994,0.000324,0.108,0.703,108.067,195704,4,0
Sigala,Lasting Lover,0DmAvNCAK08oCi7miSZUIY,81,0.676,0.786,1,-4.529,1,0.0478,0,0.0943,0.483,125.983,218359,4,0
Ruel,as long as you care,0GQqQ7dA7B4mcEktSZaOUp,73,0.55,0.591,1,-6.833,1,0.0377,0,0.11,0.308,78.68,193189,4,0
Sasha Sloan,Lie,04NMWz4ctkuILV6mUR2iWp,73,0.718,0.483,8,-6.596,1,0.0381,0.000208,0.124,0.29,103.997,209132,4,0
Sista Prod,Eyes Blue Like The Atlantic (feat. Subvrbs),0qUcpOOna3kkrwfqky85e1,83,0.768,0.339,0,-13.169,1,0.777,0.000956,0.261,0.568,76.229,154599,4,0
FINNEAS,What They'll Say About Us,27Y1N4Q4U3EfDU5Ubw8ws2,74,0.535,0.314,7,-12.823,0,0.0408,0.00015,0.0874,0.0663,145.095,187601,4,0
BANNERS,Someone To You,6cufDC8WB5AZNSL3ZH2mgV,74,0.518,0.936,2,-3.685,1,0.0447,0,0.258,0.667,75.002,219813,4,0
